0,"Abrahamson, Dor"
1,"Sandoval, William A."
2,"DeLiema, David"
3,"Hardy, Lisa"
4,"Raval, Harini"
5,"Manches, Andrew"
6,"Schneider, Bertrand"
7,"Andrade, Alejandro"
8,"Öztok, Murat"
9,"Tay, Wan Ying"
10,"Hartmann, Christian"
11,"Collier, Wesley"
12,"Barth-Cohen, Lauren A."
13,"Allen, Carrie D."
14,"Peleg, Ran"
15,"Uk, Irina"
16,"Gaydos, Matthew"
17,"Erkens, Melanie"
18,"Duckles, Joyce M."
19,"Kothiyal, Aditi"
20,"Jornet, Alfredo"
21,"Flood, Virginia J."
22,"Knight, Simon"
23,"Csanadi, Andras"
24,"Sun, Zhiru"
25,"Smirnov, Natalia"
26,"Tate, Erika D."
27,"Yoon, Susan A."
28,"Gutiérrez, José Francisco"
29,"Olsen, Jennifer K."
30,"Dornfeld, Catherine L."
31,"Brasel, Jason"
32,"Ma, Leanne"
33,"Lanouette, Kathryn A."
34,"Sharma, Kshitij"
35,"Rummel, Nikol"
36,"Rehak, Andi M."
37,"Malkiewich, Laura J."
38,"Vedder-Weiss, Dana"
39,"Curnow, Joe"
40,"Bereiter, Carl"
41,"Svihla, Vanessa"
42,"Roque, Ricarose"
43,"Basu, Satabdi"
44,"Yurkofsky, Maxwell"
45,"Worker, Steven M."
46,"Hew, Khe Foon"
47,"Farris, Amy Voss"
48,"Ong, Yann Shiou"
49,"Horton, Emily"
50,"Orton, Kai"
51,"Litts, Breanne K."
52,"Wu, Longkai"
53,"Tan, Esther"
54,"Portolese, Alisha"
55,"Law, Nancy"
56,"Liu, Xinyang"
57,"Schnaubert, Lenka"
58,"Barton, Angela Calabrese"
59,"Gerard, Libby"
60,"Tan, Edna"
61,"Mazziotti, Claudia"
62,"Van Horne, Katie"
63,"Liu, Shiyu"
64,"Grover, Shuchi"
65,"Jiang, Shiyan"
66,"Tomar, Gaurav Singh"
67,"Krist, Christina"
68,"McKenney, Susan"
69,"M.Vitale, Jonathan"
70,"Yip, Jason C."
71,"Hickey, Daniel T."
72,"Chen, Jingping"
73,"Lee, Victor R."
74,"Swanson, Hillary"
75,"Margulieux, Lauren E."
76,"Prinsen, Fleur R."
77,"Visintainer, Tammie"
78,"Azevedo, Flávio S."
79,"Siebert-Evenstone, Amanda L."
80,"Deitrick, Elise"
81,"Martin, Nicole D."
82,"Popov, Vitaliy"
83,"Vogel, Freydis"
84,"Arvidsson, Toi Sin"
85,"Lee, Vwen Yen Alwyn"
86,"Chiu, Thomas K.F."
87,"Tan, Seng Chee"
88,"Jeong, Heisawn"
89,"Wake, Jo Dugstad"
90,"Borge, Marcela"
91,"Davidsen, Jacob"
92,"Yang, Yuqin"
93,"Downton, Michael P."
94,"Dascalu, Mihai"
95,"Puhl, Thomas"
96,"Rossitto, Chiara"
97,"Ziebarth, Sabrina"
98,"Charles, Elizabeth S."
99,"Lin, Feng"
100,"Wise, Alyssa Friend"
101,"Çakır, Murat Perit"
102,"Chen, Bodong"
103,"Xing, Wanli"
104,"Dolonen, Jan Arild"
105,"Arastoopour, Golnaz"
106,"Cerratto-Pargman, Teresa"
107,"Adanır, Gülgün Afacan"
108,"Martinez-Maldonado, Roberto"
109,"Tao, Dan"
110,"Dornfeld, Catherine"
111,"Danish, Joshua A."
112,"Hong, Huang-Yao"
113,"Abdu, Rotem"
114,"Manske, Sven"
115,"d'Apollonia, Silvia"
116,"Xie, Kui"
117,"Laru, Jari"
118,"Rick, Jochen"
119,"Richter, Christoph"
120,"Pauw, Daniel"
121,"Wang, Qiyun"
122,"Prieto, Luis P."
123,"Richard, Gabriela T."
124,"Ferschke, Oliver"
125,"Oshima, Jun"
126,"Fong, Cresencia"
127,"Jona, Kemi"
128,"Matuk, Camillia"
129,"Wichmann, Astrid"
130,"Khoo, Michael"
131,"Zhang, Jianwei"
132,"Nistor, Nicolae"
133,"Lam, Rachel"
134,"Crouse, Kevin"
135,"Jacobson, Michael J."
136,"Moussavi, Raha"
137,"Anderson, Craig G."
138,"Jordan, Michelle E."
139,"Fincher, Sally"
140,"Becker, Sandra"
141,"Cai, Qijie"
142,"Heimbuch, Sven"
143,"Lindgren, Robb"
144,"Alameh, Sahar"
145,"Hod, Yotam"
146,"Minshew, Lana M."
147,"Shirouzu, Hajime"
148,"Huang, Jun Song"
149,"Slotta, James D."
150,"Schwarz, Baruch"
151,"Sommer, Stephen"
152,"Zimmerman, Heather Toomey"
153,"DesPortes, Kayla"
154,"Pöysä-Tarhonen, Johanna"
155,"Iordanou, Kalypso"
156,"Choi, Gi Woong"
157,"Penuel, William"
158,"Gnesdilow, Dana"
159,"Azevedo, Flavio S."
160,"Tissenbaum, Mike"
161,"Hensley, Lauren"
162,"Clegg, Tamara"
163,"Jung, Yong Ju"
164,"Betz, Anica"
165,"Bernstein, Debra"
166,"Kapon, Shulamit"
167,"Judson, Darlene"
168,"Cai, Huiying"
169,"Stevens, Reed"
170,"Engeström, Yrjö"
171,"Pande, Prajakt"
172,"Kyewski, Elias"
173,"Sommerhoff, Daniel"
174,"Halls, Jonathan"
175,"Ke, Li"
176,"Ramey, Kay E."
177,"Clarke, Sherice"
178,"Strachota, Susanne M."
179,"McBride, Elizabeth A."
180,"Kuhn, Deanna"
181,"Bertram, Charles"
182,"Norooz, Leyla"
183,"Tan, Michael"
184,"Hjorth, Arthur"
185,"van Riesen, Siswa A. N."
186,"Xiao, Sihan"
187,"Walsh, Elizabeth M."
188,"Thompson, Kate"
189,"Ainsworth, Shaaron"
190,"Greenhow, Chrisine"
191,"Barber-Lester, Kelly J."
192,"Lerner, Patrick"
193,"Thomas, Jakita O."
194,"Koh, Elizabeth"
195,"Alqassab, Maryam"
196,"Splichal, Jin MIchael"
197,"Kabayadondo, Zaza"
198,"da Silva, Glauco S. F."
199,"Laina, Vasiliki"
200,"Bell, Philip"
201,"Rivet, Ann E."
202,"Saleh, Asmalina"
203,"Mochizuki, Toshio"
204,"Ke, Fengfeng"
205,"Hakkarainen, Kai"
206,"Thiemann, Daniel"
207,"Walker, Erin"
208,"Schubert, Michael"
209,"Georgen, Chris"
210,"Damșa, Crina"
211,"Kim, Beaumie"
212,"Cober, Rebecca"
213,"Kali, Yael"
214,"Chen, Wenli"
215,"Moher, Tom"
216,"Lansiquot, Reneta D."
217,"Näykki, Piia"
218,"Wang, Patrick"
219,"Boyle, Bryan"
220,"Hao, Jiangang"
221,"Deiglmayr, Anne"
222,"Mercier, Emma"
223,"Evenstone, Amanda L."
224,"Socratous, Chrysanthos"
225,"Grinath, Anna Strimaitis"
226,"Huang, Tianhui"
227,"Uttamchandani, Suraj"
228,"Gadgil, Soniya"
229,"Lundh, Patrik"
230,"McBride, Elizabeth"
231,"Raes, Annelies"
232,"Walkington, Candace A"
233,"Caccamise, Donna"
234,"Sherin, Bruce"
235,"Olsen, Jennifer"
236,"Celepkolu, Mehmet"
237,"Cohen, Jonathan"
238,"Hinojosa, Leighanna"
239,"Superfine, Alison Castro"
240,"Rau, Martina A."
241,"Bae, Haesol"
242,"Tong, Yuyao"
243,"Asino, Tutaleni I. I"
244,"Manz, Eve"
245,"Orrill, Chandra Hawley"
246,"Liu, yan"
247,"Tofel-Grehl, Colby"
248,"Dado, Marielle"
249,"Smith, Blaine"
250,"Sharon, Aviv J."
251,"Schloss, Bob"
252,"Howley, Iris"
253,"Diana, Nicholas"
254,"Proctor, Chris"
255,"Iveland, Ashley"
256,"Holbert, Nathan R"
257,"Toprani, Dhvani"
258,"Cullicott, Catherine E."
259,"Wise, Alyssa"
260,"Chan, Carol"
261,"Wakefield, Wendy"
262,"Pardos, Zachary"
263,"Sosa, Teresa"
264,"Luckin, Rose"
265,"Wekerle, Christina"
266,"Weidler-Lewis, Joanna"
267,"Searle, Kristin A"
268,"Sullivan, Florence R."
269,"Furberg, Anniken"
270,"Chang, Amy A"
271,"Elliott, Colin Hennessy"
272,"Polman, Joseph L"
273,"Jaafar, Nurjanah Mohd"
274,"Chang, Yu-Hui"
275,"Gabai, Joshua"
276,"Peffer, Melanie"
277,"Hamilton, Megan M. Marie"
278,"Walsh, Elizabeth"
279,"Bopardikar, Anushree"
280,"Santo, Rafi"
281,"Tierney, Gavin"
282,"Linn, Marcia"
283,"Samarapungavan, Ala"
284,"Ruis, Andrew"
285,"DeVane, Benjamin"
286,"Haslbeck, Heidi"
287,"Ostrowski, Christopher Peter"
288,"Oner, Diler"
289,"Radke, Sarah C"
290,"Davis, Pryce"
291,"Morrison, Deb"
292,"Tekkumru-Kisa, Miray"
293,"Oztok, Murat"
294,"Stracke, Christian M."
295,"Tayne, Kelsey"
296,"sommer, stephen"
297,"Nurnberger-Haag, Julie"
298,"Lu, Lin"
299,"Rutherford, Stephen M."
300,"Chounta, Irene-Angelica"
301,"Kiemer, Katharina"
302,"Wang, Jing"
303,"Wan, Sally Wai Yan"
304,"Bender, Sophia"
305,"Barth-Cohen, Lauren"
306,"Kittredge, Audrey"
307,"Lim, Ji Young"
308,"Kustusch, Mary Bridget"
309,"Kang, Raymond"
310,"Doroudi, Shayan"
311,"Melendez, Jose W."
312,"Laferrière, Thérèse"
313,"Mirmotahari, Omid"
314,"Pellegrino, James W"
315,"Brand, Charleen"
316,"Davis, Darrel"
317,"Bywater, Jim P"
318,"Nemirovsky, Ricardo"
319,"Ioannou, Marianna"
320,"Lee, Ung-Sang"
321,"Wendell, Kristen"
322,"Munter, Charles"
323,"Bod, Petra"
324,"Chapman, Katherine Carr"
325,"White, Sarah L"
326,"Chen, Gaowei"
327,"Seo, JooYoung"
328,"Villanosa, Krystal"
329,"Minshew, Lana"
330,"Prudent, Mirlanda E."
331,"Elliott, Leslie Atkins"
332,"Stieff, Mike"
333,"Fuhrmann, Tamar"
334,"Wallon, Robert C"
335,"Hallinen, Nicole"
336,"Peppler, Kylie A"
337,"Stoddard, Jeremy"
338,"Cavey, Laurie Overman"
339,"Papendieck, Adam"
340,"Powell, Sandy"
341,"Walker, Susan"
342,"Hagani, Shiri Mor"
343,"Lenton, Kevin"
344,"Hutchison, Paul"
345,"Hovey, Christopher M"
346,"Anderson, Eleanor"
347,"Joo, Hyun"
348,"Butcher, Kirsten R."
349,"Gould, Deena"
350,"Pedersen, Alex Young"
351,"Dubovi, Ilana"
352,"Bush, Jeffrey"
353,"Demir-Lira, Özlem Ece"
354,"Chu, Sharon Lynn"
355,"Nachtigall, Valentina"
356,"Lubold, Nichola"
357,"Baylor, Amy L"
358,"KO, Pakon"
359,"Ramey, Kay E"
360,"Bumbacher, Engin"
361,"Brady, Katherine"
362,"Scipio, Déana Aeolani"
363,"Oliver, Merrin"
364,"Yoon, Susan"
365,"Stoeffler, Kristin"
366,"Dasgupta, Chandan"
367,"Deep, Anurag"
368,"Chu, Man-Wai"
369,"Shin, Yoonhee"
370,"Chen, Grace A."
371,"Byrne, Virginia L"
372,"Weintrop, David"
373,"Ogle, Todd"
374,"Askari, Emilia"
375,"Hatten-Roberts, Toni M."
376,"Yang, Hui"
377,"Choi, Heeryung"
378,"Flood, Virginia J"
379,"Reich, Justin"
380,"Madaio, Michael"
381,"Lakshmi, T G"
382,"Mathayas, Nitasha"
383,"Li, Ling"
384,"Ko, Monlin"
385,"Swanson, Rebecca D."
386,"Swiecki, Zachari"
387,"Betser, Sagit"
388,"Shah, Mamta"
389,"Lin, Pei-Yi"
390,"Keune, Anna"
391,"Mishra, Shitanshu"
392,"Price, Aaron"
393,"Kim, Yanghee"
394,"Keifert, Danielle Teodora"
395,"Dixon, Colin G"
396,"Lui, Debora"
397,"Agarwal, Priyanka"
398,"Li, Yaoran"
399,"Zohar, Asnat R."
400,"Loibl, Katharina"
401,"Dahn, Maggie"
402,"Langer-Osuna, Jennifer"
403,"Hunt, Jessica Heather"
404,"Ma, Guanzhong"
405,"Lin, Veronica"
406,"Xie, Bin"
407,"Riedy, Robbin"
408,"Lee, Alwyn Vwen Yen"
409,"Marcum, Meredith Baker"
410,"Donaldson, Jonan Phillip"
411,"Carlson, Spencer Evan"
412,"Lui, Michelle"
413,"Bell, Amanda M"
414,"Segovia, Gloria Alicia"
415,"Paquette, Luc"
416,"Chan, Kennedy"
417,"Walker, Justice Toshiba"
418,"Oura, Hiroki"
419,"Wang, Xu"
420,"Dowell, Nia"
421,"Anderson, Robin Keturah"
422,"Gerritsen, David"
423,"Schneider, Leslie"
424,"Miller, Emily"
425,"Furtak, Erin Marie"
426,"Wilkerson, Michelle"
427,"Wu, Sally P.W."
428,"Chen, Guanhua"
429,"Hall, Allison H"
430,"Chi, Michelene T. H."
431,"Acosta, Alisa"
432,"Riikonen, Sini"
433,"Bhaduri, Srinjita"
434,"Panorkou, Nicole"
435,"Mechtley, Adam"
436,"Chase, Catherine"
437,"Eisenberg, Michael"
438,"Wang, Yu-Chi"
439,"Greisel, Martin"
440,"Halverson, Erica"
441,"Brooks, Christopher"
442,"Gomoll, Andrea Sarah"
443,"Vaishampayan, Gauri A."
444,"Witherspoon, Eben"
445,"Tasquier, Giulia"
446,"Starr, Emma L"
447,"Karumbaiah, Shamya"
448,"Härkki, Tellervo"
449,"van Leeuwen, Anouschka"
450,"Ehrenfeld, Nadav"
451,"Gresalfi, Melissa"
452,"Mäntylä, Terhi"
453,"Jacobson, Michael"
454,"Dabholkar, Sugat"
455,"Vossoughi, Shirin"
456,"Dragnic-Cindric, Dalila"
457,"Fitzgerald, Miranda S"
458,"Huang, Joey"
459,"De Backer, Liesje"
460,"Tissenbaum, Catherine Louise Dornfeld"
461,"Worsley, Marcelo"
462,"Wheeler, Penny"
463,"Bateman, Kathryn"
464,"betser, sagit"
465,"Kayumova, Shakhnoza"
466,"FENG, Xueqi"
467,"Bruchok, Christiana Bruchok"
468,"Richards, Jennifer"
469,"Gutiérrez, José"
470,"Khanlari, Ahmad"
471,"Missall, Kristen"
472,"Herrenkohl, Leslie Rupert"
473,"Henson, Kate"
474,"Price-Dennis, Detra"
475,"brown, denise"
476,"Delgado, Cesar"
477,"Thoma, Serena"
478,"Rourke, Liam"
479,"kafai, yasmin"
480,"Adams, Jennifer D"
481,"Bayeck, Rebecca Yvonne"
482,"Settlage, John"
483,"Easley, Kathleen M."
484,"Stamatis, Kristina"
485,"Wink, Donald J."
486,"Humburg, Megan"
487,"Splichal, Jin Michael"
488,"Simpson, Amber"
489,"Goldman, Shelley"
490,"Webb, Vanessa"
491,"Sun, Jingjing"
492,"Munshi, Anabil"
493,"Tuvilla, Mavreen Rose S."
494,"Nixon, Jessie"
495,"Rosier, Soren"
496,"Flanagan-Hall, Grace Ann"
497,"Davis, Bria"
498,"Bell, Amani"
499,"Cheng, Britte Haugan"
500,"Teo, Chew Lee"
501,"Ding, Lu"
502,"Sullins, Jeremiah"
503,"Wagh, Aditi"
504,"Bian, Yulong"
505,"Scroggins, Ashley D"
506,"Duvall, Matthew"
507,"Tubman, Philip"
508,"Arias, Anna Maria"
509,"Suárez, Enrique"
510,"Roberts, Jessica"
511,"Archibeque, Benjamin Archibeque"
512,"Michaelis, Joseph E"
513,"Ryu, Suna"
514,"Plummer, Julia"
515,"Han, Insook"
516,"Huynh, Tra"
517,"Patchan, Melissa"
518,"Im, Soo-hyun"
519,"Sengupta-Irving, Tesha"
520,"Strauß, Sebastian"
521,"Suchow, Ariella Flora"
522,"Lee, Sarah Priscilla"
523,"Logan, Ginnie I."
524,"Semerjian, Amy R."
525,"Kubsch, Marcus"
526,"Nguyen, Kevin A."
527,"Severance, Samuel"
528,"Rish, Ryan"
529,"Booth, Julie L."
530,"Eberle, Julia"
531,"Zhou, He"
532,"Montebello, Matthew"
533,"Quintana, Rebecca M"
534,"Jasien, Lara"
535,"Forbes, Cory"
536,"Georgiou, Yiannis"
537,"Roblin, Natalie Pareja"
538,"Berland, Leema K."
539,"Tolar, Erin"
540,"Harrison, Emily Jean"
541,"Ghazali-Mohammed, Zayba"
542,"Sunnen, Patrick"
543,"Cabrera, Lautaro"
544,"Lai, Polly K."
545,"Bruner-Timmons, Joan"
546,"Li, Haiying"
547,"Dyer, Elizabeth B."
548,"Castro-Faix, Moraima"
549,"Keifert, Danielle"
550,"De Grez, Nore"
551,"Larmuseau, Charlotte"
552,"Kolikant, Yifat Ben-David"
553,"Gouvea, Julia Svoboda"
554,"Moy, Magdalene"
555,"Perritano, Anthony"
556,"Holstein, Kenneth"
557,"Huang, Hai"
558,"Cavera, Veronica L"
559,"Nazare, Juliana"
560,"Finch, Lila"
561,"Asterhan, Christa"
562,"Kato, Yohei"
563,"Shaw, Fayette"
564,"James, Jordan O."
565,"Saarinen, Auli"
566,"Roschelle, Jeremy"
567,"Iikubo, Shinya"
568,"Zivic, Aliza"
569,"Cutumisu, Maria"
570,"Av-Shalom, Na'ama Y."
571,"R., Jimmy Zambrano"
572,"Lee, Jinju"
573,"Lobczowski, Nikki G."
574,"Davis, Richard Lee"
575,"Ternblad, Eva-Maria"
576,"Silvis, Deborah"
577,"Molinari, Gaelle"
578,"Meléndez, José W."
579,"Kawasaki, Jarod"
580,"Magnifico, Alecia Marie"
581,"Wen, Yun"
582,"Kümmel, Elke"
583,"Harsley, Rachel"
584,"McKeown, Jessica"
585,"Kim, ChanMin"
586,"Applebaum, Lauren R."
587,"Gutu, Gabriel"
588,"Tsovaltzi, Dimitra"
589,"Richard, Gabriela"
590,"Zhu, Gaoxia"
591,"Quintana, Rebecca"
592,"Erdmann, Julia"
593,"Shinohara, Kristen"
594,"Lund, Kristine"
595,"Plevinski, Justin"
596,"Park, Miyoung"
597,"Sun, Na"
598,"Almatrafi, Omaima"
599,"Martin, Nicole"
600,"Xuan, Andy Ng Ding"
601,"VanMeerten, Nicolaas"
602,"Liu, Lei"
603,"Noushad, Noora F."
604,"Wan, Hai-Peng"
605,"Crossley, Scott"
606,"Fake, Helen"
607,"Shapiro, Ben Rydal"
608,"Lee, Hee-Sun"
609,"Pier, Elizabeth L."
610,"Emara, Mona"
611,"Kazemitabar, Maedeh A."
612,"Bishara, Sarah"
613,"Hollett, Ty"
614,"Magnussen, Rikke"
615,"Belland, Brian R."
616,"Tarimo, William T."
617,"Gebre, Engida"
618,"Kim, Soo Hyeon"
619,"Wu, Ying-Tien"
620,"Taylor, Katie Headrick"
621,"Rodríguez, Fernando J."
622,"Spikol, Daniel"
623,"Wu, Sally P. W."
624,"Sierschynski, Jarek"
625,"Pal, Joyojeet"
626,"Shaikh, Rafikh"
627,"Viswanathan, Sree Aurovindh"
628,"Healion, Donal"
629,"Chan, Melvin"
630,"Greenwald, Scott W."
631,"Kelly, Susan B."
632,"Schwendimann, Beat A."
633,"Vitale, Jonathan"
634,"Eagan, Brendan R."
635,"Perera, Nishan"
636,"Walkoe, Janet"
637,"Noroozi, Omid"
638,"Brami, Uzi Zevik"
639,"Wright, Kenneth"
640,"Renken, Maggie"
641,"de Jong, Frank"
642,"Scardamalia, Marlene"
643,"Friend, Michelle"
644,"Schmitt, Lara Johanna"
645,"Rau, Martina"
646,"Ni, Lijun"
647,"Yip, Jason"
648,"Shayan, Shakila"
649,"White, Tobin"
650,"Kaul, Chittaranjan"
651,"Dragomir, Mihaela"
652,"Arvaja, Maarit"
653,"Chai, Boon Yen"
654,"Wittmann, Michael C."
655,"Eisenhart, Margaret"
656,"Levy, Sharona T"
657,"Schlottbom, Patrick"
658,"Moses, George"
659,"Murthy, Sahana"
660,"Harrer, Benedikt W."
661,"Allen, Laura"
662,"Kollar, Ingo"
663,"Easterday, Matthew W."
664,"Feng, Mingyu"
665,"Koehler-Yom, Jessica"
666,"Sánchez–García, Raúl"
667,"Puntambekar, Sadhana"
668,"Garner, Brette"
669,"Matsuzawa, Yoshiaki"
670,"Van Wart, Sarah"
671,"D'Angelo, Sarah"
672,"Hmelo-Silver, Cindy E."
673,"Mavrikis, Manolis"
674,"Gomoll, Andrea S."
675,"Lee, Alison"
676,"Chan, Jody R."
677,"Reeve, Richard"
678,"Lin, Karina"
679,"Biswas, Gautam"
680,"Blum-Smith, Sarah"
681,"Ching, Cynthia Carter"
682,"Dickes, Amanda Catherine"
683,"Cunningham, Jahneille"
684,"Kafai, Yasmin B."
685,"Hung, David"
686,"So, Hyo-Jeong"
687,"Markauskaite, Lina"
688,"Liang, Leming"
689,"Chen, Shu"
690,"Bodemer, Daniel"
691,"Linn, Marcia C."
692,"Hansen, Alice"
693,"Van Steenis, Erica"
694,"Pea, Roy"
695,"Shen, Ji"
696,"Sankaranarayanan, Sreecharan"
697,"van Aalst, Jan"
698,"Madhok, Jacqueline"
699,"Gonzalez, Carmen"
700,"Morrison, Briana B."
701,"Mann, Michele J."
702,"Shapiro, R. Benjamin"
703,"Chu, Shien"
704,"Guribye, Frode"
705,"Ryberg, Thomas"
706,"Jan, Mingfong"
707,"Trausan-Matu, Stefan"
708,"Hernwall, Patrik"
709,"Neubaum, German"
710,"Lasry, Nathaniel"
711,"Chan, Carol K.K."
712,"Antle, Alissa Nicole"
713,"Stahl, Gerry"
714,"Kim, So Mi"
715,"Caballero, Daniela"
716,"Kluge, Anders"
717,"Shaffer, David Williamson"
718,"Knutsson, Ola"
719,"Goodyear, Peter"
720,"Blikstein, Paulo"
721,"Enyedy, Noel"
722,"Chai, Ching Sing"
723,"Neff, Michael"
724,"Anderson, Emma"
725,"Hecking, Tobias"
726,"Kunicki, Suzanne"
727,"Malmberg, Jonna"
728,"Kopp, Daniel"
729,"Allert, Heidrun"
730,"Quek, Choon Lang"
731,"McCracken, W. Michael"
732,"Hoadley, Christopher"
733,"Oshima, Ritsuko"
734,"Penney, Lauren"
735,"Funk, Alexandra L."
736,"Chen, Mei-Hwa"
737,"Dascălu, Mihai"
738,"Low, Michelle"
739,"Joyce, Jeanette"
740,"Gobert, Janice"
741,"Binzak, John V."
742,"Collins, Jamie M."
743,"Dziallas, Sebastian"
744,"Pekrun, Reinhard"
745,"Segal, Aliza"
746,"Wu, Han"
747,"Wallon, Robert C."
748,"Morphew, Jason"
749,"Derry, Sharon"
750,"Hickey, Daniel"
751,"Rajala, Antti"
752,"Graville-Smith, Cynthia"
753,"Land, Susan M."
754,"Spells, Monet"
755,"Care, Esther"
756,"Goh, Wendy"
757,"Kittinger, Liza"
758,"Fathema, Nafsaniath"
759,"Ahn, June"
760,"Cutshall, Jessica"
761,"Preece, Jennifer"
762,"Yan, Shulong"
763,"Flake, Sabrina"
764,"Drayton, Brian"
765,"Laherto, Antti"
766,"Gu, Xiaoqing"
767,"Sannino, Annalisa"
768,"Sevian, Hannah"
769,"Krämer, Nicole C."
770,"Ufer, Stefan"
771,"Schwarz, Christina V."
772,"Champion, Dionne N."
773,"Vitale, Jonathan M."
774,"Leak, Anne"
775,"Clegg, Tamara L."
776,"Sagy, Ornit"
777,"Gijlers, Hannie"
778,"McGowan, Veronica C."
779,"Hershkovitz, Arnon"
780,"Minor, Rachelle"
781,"Shibani, Antonette"
782,"Strijbos, Jan-Willem"
783,"Barcellos, Marcília E."
784,"Weiser, Gary"
785,"Wong, Lung-Hsiang"
786,"Hirayama, Ryoya"
787,"Carafano, Peter"
788,"Ligorio, Beatrice"
789,"Azevedo, Roger"
790,"Engelmann, Tanja"
791,"Angersbach, Jennifer"
792,"Chakravarthi, Rohit"
793,"Buder, Jürgen"
794,"Duncan, Sean C."
795,"Tabak, Iris"
796,"Carvalho, Lucila"
797,"Looi, Chee-Kit"
798,"Cabo, Candido"
799,"Pöysä-Tarhonen, Johanna"
800,"Tchounikine, Pierre"
801,"Arnedillo-Sanchez, Inmaculada"
802,"Ioannou, Andri"
803,"Southerland, Sherry A."
804,"Braun, Maggie"
805,"Vanneste, Pieter"
806,"Chelule, Geoffrey"
807,"Littrell-Baez, Megan K."
808,"Kersting, Nicole"
809,"Boyer, Kristy Elizabeth"
810,"Margulieux, Lauren E"
811,"Bragelman, John"
812,"Zahn, Miranda Renee"
813,"Xia, Fangli"
814,"Thompson, Penny"
815,"Di Tosto, Gennaro"
816,"Brown, Rachael Eriksen"
817,"Saito, Moegi"
818,"Fu, Chuxin"
819,"Baram-Tsabari, Ayelet"
820,"Chang, Maria D"
821,"Rosé, Carolyn"
822,"Eagle, Michael"
823,"Dyer, Elizabeth B"
824,"Thanapornsangsuth, Sawaros"
825,"Chen, Ying-Chih"
826,"Cui, Yi"
827,"Xu, Cindy"
828,"Patel, Purav"
829,"Jordan, Michelle E. Jordan"
830,"Farrar, Scott"
831,"Cukurova, Mutlu"
832,"Graville, Cynthia Story"
833,"Casort, Teresa"
834,"Keith, Kevin"
835,"Schneitzer, Malin Kimberley"
836,"Silseth, Kenneth"
837,"Lam, Wan Shun Eva"
838,"Berland, Matthew"
839,"Royse, Emily"
840,"Clarke-Midura, Jody"
841,"Doubler, Susan"
842,"Sarmiento, Juan Pablo"
843,"Sheldon, Joshua"
844,"Eylon, Bat-Sheva"
845,"Clase, Kari"
846,"Siebert-Evenstone, Amanda"
847,"Dietmeier, Jeremy"
848,"Lankes, Eva-Maria"
849,"Y., Jasmine"
850,"Tesoriero, Gina"
851,"Schunn, Chris"
852,"Lee, Kyungmee"
853,"Ching, Dixie"
854,"Bastani, Reyhaneh"
855,"Moorcroft, Amber M."
856,"Carvalho, Paulo"
857,"Sherman, Mark A"
858,"Liu, Kun"
859,"Wan, Sancia Wai-San"
860,"Braden, Sarah"
861,"Day, Natalie"
862,"Lee, Ji Hyun"
863,"Sayre, Eleanor C"
864,"Williams, Joseph"
865,"Radinsky, Josh"
866,"Breuleux, Alain"
867,"Damsa, Crina"
868,"Gane, Brian Douglas"
869,"Richey, J. Elizabeth"
870,"Floryan, Mark"
871,"de Freitas, Elizabeth"
872,"Andrews, Chelsea J"
873,"Haines, Cara"
874,"Woods, Dawn"
875,"Horn, Mike"
876,"Barber-Lester, Kelly Johnson"
877,"Anderson, Theresa Dirndorfer"
878,"Scheiter, Katharina"
879,"Sedas, Mishael"
880,"Chen, Jason"
881,"Totorica, Tatia B"
882,"Cheah, Yin Hong"
883,"Leary, Heather"
884,"Barzilai, Sarit"
885,"Slattery, Michael"
886,"Gupta, Ayush"
887,"Hudson, Michelle"
888,"Parekh, Priyanka"
889,"Caviglia, Francesco"
890,"Lee, Victor"
891,"Milne, Brent"
892,"Tsunakawa, Takashi"
893,"Asaridou, Salomi S."
894,"Garcia, Brittany"
895,"Keuschnig, Angelina"
896,"Hossain, Zahid"
897,"Cho, Sun Joo"
898,"Tan, Edna Tan"
899,"Lee, Yeung"
900,"Fowler, Teresa Anne"
901,"kang, Seokbin"
902,"Hicks, David"
903,"Brandon, Diana"
904,"Lodge, Jason M."
905,"Mouza, Chrystalla"
906,"Jain, Rupal"
907,"Kim, Yoon Jeon"
908,"Peng, Kun"
909,"Iyer, Sridhar"
910,"Brown, David"
911,"Shaffer, D.W."
912,"Martin, Lee M"
913,"Greenslit, Jana"
914,"Marx, Sherry"
915,"Jayathirtha, Gayithri"
916,"Levy, Sharona T."
917,"Leuders, Timo"
918,"Chartrand, Grant"
919,"Gargroetzi, Emma"
920,"Reilly, Joseph M"
921,"Thompson, Naomi"
922,"Kitazawa, Takeshi"
923,"Maliakal, Leesha V"
924,"Silver, Cindy Hmelo"
925,"Bosch, Nigel"
926,"Cheng, Ka Lok"
927,"Smullen, Elizabeth"
928,"Shaw, Mia"
929,"Ikejiri, Ryohei"
930,"Chen, Yali"
931,"Skeeles-Worley, Angela D."
932,"Poquet, Oleksandra"
933,"Shim, Jooeun"
934,"Zimmerman, John"
935,"Jacque, Berri H"
936,"Irgens, Golnaz Arastoopour"
937,"Codere, Susan"
938,"Binder, Torsten"
939,"Lanouette, Kathryn"
940,"Goldman, Susan R"
941,"Slotta, Jim"
942,"Seitamaa-Hakkarainen, Pirita"
943,"Connolly, Helena"
944,"Elby, Andrew"
945,"Doll, Jenifer"
946,"Paulus, Trena"
947,"Melzner, Nadine"
948,"Litts, Breanne K"
949,"Gardner, Joshua"
950,"Recker, Mimi"
951,"Levrini, Olivia"
952,"Rahimi, Seyedahmad"
953,"Heyd-Metzuyanim, Einat"
954,"Horn, Ilana Seidel"
955,"Kokkonen, Tommi"
956,"Kapur, Manu"
957,"Anton, Gabriella"
958,"Jackson, Ava"
959,"DellaVecchia, Gabriel P."
960,"Moon, Jewoong"
961,"McDonald, Scott"
962,"Cardello, Suzanne"
963,"Bowers, Nicole"
964,"Thompson, Jessica"
965,"Nanda, Salloni"
966,"Lund, Kristine S."
967,"Lang, Charles"
968,"Peterson, Matthew"
969,"Barma, Sylvie"
970,"Anderson, Charles W"
971,"Fernandez, Cassia"
972,"Danish, Joshua"
973,"Anderson, Alice"
974,"Vea, Tanner"
975,"Horstman, Theresa"
976,"Hodari, Apriel K"
977,"Datu, Emmanuella"
978,"Rajendran, Ramkumar"
979,"Wright, Casey E."
980,"Wu, Jue"
981,"Tu, Xintian"
982,"Curwood, Jen Scott"
983,"Jackiw, Nicholas"
984,"D'Angelo, Cynthia"
985,"Adams, Joshua Adams"
986,"Console, Katie"
987,"Wang, Qiuchen"
988,"Hand, Victoria"
989,"Lee, Frank J"
990,"Fick, Sarah J"
991,"Tzou, Carrie"
992,"Crowley, Kevin"
993,"Mutlu, Bilge"
994,"Levy, Sharona"
995,"Ricketts, Amy"
996,"Rambo-Hernandez, Karen"
997,"Varma, Sashank"
998,"Vogelstein, Lauren"
999,"Bar-El, David"
1000,"Duesbery, Luke"
1001,"Nordine, Jeffrey"
1002,"Joseph, Joseph Krajcik"
1003,"Cun, Aijuan"
1004,"Newton, Kristie J."
1005,"Schönfeld, Tim"
1006,"Ben-Zvi, Dani"
1007,"Mangaroska, Katerina"
1008,"Chandler, Mark A"
1009,"Kyza, Eleni A."
1010,"Russ, Rosemary S"
1011,"Arend, Béatrice"
1012,"Kwako, Alexander J."
1013,"Todd, Amber"
1014,"De Wever, Bram"
1015,"Elen, Jan"
1016,"Pollack, Sarah"
1017,"McLaren, Bruce M."
1018,"Lo, Wei Hong"
1019,"Duncan, Ravit Golan"
1020,"Hershman, Anneli"
1021,"Palincsar, Annemarie Palincsar"
1022,"Resnick, Maya S."
1023,"Tscholl, Michael"
1024,"Killen, Heather"
1025,"McElhaney, Kevin W"
1026,"Herman, Phillip"
1027,"Smith, John F"
1028,"Turgeon, Krystle-Lee"
1029,"El-Moslimany, Hebbah"
1030,"Kirschner, Femke"
1031,"Gulz, Agneta"
1032,"Taylor, Katie Headrick Taylor"
1033,"Avry, Sunny"
1034,"Anderson-Levitt, Kathryn"
1035,"Tan, Jennifer Pei-Ling"
1036,"Ortmeier-Hooper, Christina"
1037,"Irle, Gabriele"
1038,"Tan, Samuel"
1039,"Di Eugenio, Barbara"
1040,"Yuan, Jiangmei"
1041,"Fricke, Kyle W."
1042,"Finkelstein, Samantha"
1043,"Dutta, Nikita"
1044,"Stegmann, Karsten"
1045,"Giri, Sagun"
1046,"Zhang, Jiayuan"
1047,"Dawes, Les"
1048,"Shareff, Becca"
1049,"Bennett, Cynthia L."
1050,"Quignard, Matthieu"
1051,"Weible, Jennifer"
1052,"Leftheriotis, Ioannis"
1053,"Ohsaki, Ayano"
1054,"Wen, Miaomiao"
1055,"Rosson, Mary Beth"
1056,"Johri, Aditya"
1057,"Jermann, Patrick"
1058,"Lee, Teo Chew"
1059,"Varma, Keisha"
1060,"Lui, Debora A."
1061,"Peppler, Kylie"
1062,"Wang, Qi"
1063,"Zhao, Naxin"
1064,"Bouton, Edith"
1065,"Whiteman, Jennifer"
1066,"Hall, Rogers"
1067,"Pallant, Amy"
1068,"Raclaw, Joshua"
1069,"AlQahtani, Mona"
1070,"Cress, Ulrike"
1071,"Wakimoto, Takehiro"
1072,"Jackson, Julia"
1073,"Lajoie, Susanne P."
1074,"Baltes, Jennifer"
1075,"Elming, Anna Lindenhoff"
1076,"Kim, Nam Ju"
1077,"Eagan, Brendan"
1078,"Lyons, Leilah"
1079,"Hickey, Timothy J."
1080,"Hmelo-Silver, Cindy"
1081,"Wang, Li-Jen"
1082,"Price, Kimberly Michelle"
1083,"Ruffaldi, Emanuele"
1084,"Hong, Helen"
1085,"Cassell, Justine"
1086,"Bogouslavsky, Maria"
1087,"Spaulding, Scott"
1088,"Gomez, Kimberly"
1089,"Viswanathan, Anandhi"
1090,"Agrawal, Harshit"
1091,"Vanlehn, Kurt"
1092,"Russell, Sam"
1093,"Wiggins, Joseph B."
1094,"Kulik, Alexander"
1095,"Lawrence, LuEttaMae"
1096,"Applebaum, Lauren"
1097,"Rogers, Bradley"
1098,"Resendes, Monica"
1099,"Hatami, Javad"
1100,"van den Ende, Joan"
1101,"Serafin, Yvonne"
1102,"Weinberger, Armin"
1103,"Wu, Sally"
1104,"Martin, Fred"
1105,"Windleharth, Travis"
1106,"Bakker, Arthur"
1107,"Cournoyer, Nathan"
1108,"Lee, Christine"
1109,"Cuendet, Sebastien"
1110,"Khamis, Nur Azarina"
1111,"Lahav, Orly"
1112,"Van Alstyne, Ryan"
1113,"Chandrasekharan, Sanjay"
1114,"Littleton, Karen"
1115,"Fischer, Frank"
1116,"Gerber, Elizabeth M."
1117,"McElhaney, Kevin W."
1118,"Smyth, Cliff"
1119,"Aleven, Vincent"
1120,"Parikh, Tapan S."
1121,"Gergle, Darren"
1122,"Wiedmann, Michael"
1123,"Slater, Stefan"
1124,"Liuzzi, Richard"
1125,"Brennan, Karen"
1126,"Wan, Jarrad"
1127,"Sengupta, Pratim"
1128,"Gomez, Louis M."
1129,"Beheshti, Elham"
1130,"Searle, Kristin A."
1131,"Jin, Yinglian"
1132,"Shin, Myunghwan"
1133,"Madhok, Jacquie"
1134,"Grawemeyer, Beate"
1135,"Penuel, William R."
1136,"Smith, Blaine Elizabeth"
1137,"Katz, Vikki"
1138,"Guzdial, Mark"
1139,"Quick, Joshua D."
1140,"Gravel, Brian"
1141,"Buis, Stan C. A."
1142,"Chee, Joon Kit Kelvin"
1143,"Wasson, Barbara"
1144,"Rosé, Carolyn Penstein"
1145,"Dessus, Philippe"
1146,"Collin, Jonas"
1147,"Whittaker, Chris"
1148,"Warren, Jillian"
1149,"Goggins, Sean"
1150,"Verma, Himanshu"
1151,"Karlström, Petter"
1152,"Dimitriadis, Yannis"
1153,"Huang, Yue"
1154,"Hung, Guo-Tsai"
1155,"Bronet, Murray"
1156,"Järvenoja, Hanna"
1157,"Schmitt, Lara"
1158,"Albrecht, Julia"
1159,"Catrambone, Richard"
1160,"Tomar, Gaurav"
1161,"Fujita, Wataru"
1162,"Messina, Richard"
1163,"Cuendet, Sébastien"
1164,"Trăușan-Matu, Ștefan"
1165,"Cavera, Veronica L."
1166,"Tsai, Chin-Chung"
1167,"Pedro, Michael Sao"
1168,"Dalsen, Jennifer"
1169,"Brandes, Ofra"
1170,"Lefstein, Adam"
1171,"Brown, David E."
1172,"Anderson, Janice"
1173,"Rosé, Carolyn P."
1174,"Maggiore, Chrystal"
1175,"DiSalvo, Betsy"
1176,"Awwal, Nafisa"
1177,"Chan, Carol K. K."
1178,"Severance, Sam"
1179,"Law, Victor"
1180,"Mierwald, Marcel"
1181,"Bal, Aydin"
1182,"Christmann, Nina"
1183,"Oliver, Mary"
1184,"Fields, Deborah A."
1185,"Grainger, Rebecca"
1186,"Sayre, Eleanor C."
1187,"Kang, Seokbin"
1188,"Anjewierden, Anjo"
1189,"Habron, Geoffrey"
1190,"DeSutter, Dane"
1191,"Baruch, Alona Forkosh"
1192,"Daxenberger, Johannes"
1193,"Odemwingie, O. Carlette"
1194,"de Souza, Elisabeth G."
1195,"Lyu, Xiaoxin"
1196,"Ritella, Giuseppe"
1197,"Hesse, Friedrich W."
1198,"Rodriguez, James"
1199,"Rädle, Roman"
1200,"Cook, Lucas"
1201,"Evans, Michael A."
1202,"Xie, Wenting"
1203,"Järvelä, Sanna"
1204,"Zahid, Aejaz"
1205,"von Davier, Alina"
1206,"Tarnai, Christian"
1207,"Hovis, Ken"
1208,"Vens, Celine"
1209,"Weatherly, John"
1210,"Buckingham-Shum, Simon"
1211,"Chiyonishio, Yuji"
1212,"Chen, Yuxin"
1213,"Essmiller, Kathy"
1214,"Gu, Xiaoqing Gu"
1215,"Feldon, David F"
1216,"Vempaty, Aditya"
1217,"Stamper, John"
1218,"Britton, Edward"
1219,"Xia, Yu"
1220,"DeLaRosa, Mia"
1221,"Kolb, John"
1222,"Gould, Mary"
1223,"Soken, Ali"
1224,"Boardman, Alison"
1225,"van Heuven, Walter"
1226,"Yuan, Guangji"
1227,"Abelein, Hannah"
1228,"Shumway, Jessica F."
1229,"Kidron, Adi"
1230,"Pelaez, Nancy"
1231,"Pozen, Rebecca"
1232,"Miller, Ben J"
1233,"Fritzsche, Eva S."
1234,"Caceres, Zulay Diaz"
1235,"Brett, Clare"
1236,"Levenson, Eda"
1237,"Leckey, Erin H."
1238,"Amici-Dargan, Sheila L."
1239,"Blaskova, Lenka Janik"
1240,"Lim, Kyu Yon"
1241,"Lindwall, Oskar"
1242,"Franklin, Scott"
1243,"Kim, Juho"
1244,"Berg, Yngvar"
1245,"Zaidi, Sania Zahra"
1246,"Zepeda, Cristina D."
1247,"Chiu, Jennifer"
1248,"O'Brien, Kate"
1249,"Paugh, Patricia"
1250,"Bruton, Rebecca"
1251,"Nathan, Mitchell"
1252,"Yu, Jinjian"
1253,"Feraud, Iván Silva"
1254,"Banks, Tarrence"
1255,"Meyerhoff, Peter"
1256,"Carney, Michele"
1257,"Eliason, Chad"
1258,"McLachlan, Lisa"
1259,"Dugdale, Michael"
1260,"Hurwich, Talia A"
1261,"Philip, Thomas M."
1262,"Kim, Dongsik"
1263,"Runburg, Madlyn"
1264,"van Gog, Tamara"
1265,"Levine, Susan C."
1266,"Nam, Beth"
1267,"Behrendt, Lena"
1268,"Pon-Barry, Heather"
1269,"Gao, Dandan"
1270,"Uttal, David"
1271,"Riedel-Kruse, Ingmar"
1272,"Narasimham, Gayathri"
1273,"Williams, Joseph Jay"
1274,"Wong-Loke, Constance"
1275,"Johnson, Aaron"
1276,"Galvin, Sarah"
1277,"Pan, Yi-Cheng"
1278,"Harrer, Benedikt Walter"
1279,"Robinson, Kevin"
1280,"Ogan, Amy"
1281,"Ngoc, Hung Pham"
1282,"Fields, Deborah"
1283,"Garza, Veronica"
1284,"Chavez, Rosa"
1285,"Dich, Yong Li"
1286,"Lewis, Daniel Rees"
1287,"Silva, Brenda Lopez"
1288,"Cordero, Eugene"
1289,"Nakaya, Kae"
1290,"Godley, Amanda Godley"
1291,"Tai, Robert"
1292,"Noushad, Noora F Noushad"
1293,"Henry, Jessica"
1294,"Bain, Connor"
1295,"Krajcik, Joe"
1296,"Shareff, Rebecca"
1297,"Sumner, Tamara"
1298,"Lamnina, Marianna"
1299,"Chen, Kaifeng"
1300,"Phillips, Abigail Leigh"
1301,"Kauffman, Kyle"
1302,"Baker, Ryan"
1303,"Reimann, Peter"
1304,"Wilensky, Uri"
1305,"Bang, Megan"
1306,"Greene, Jeffrey Alan"
1307,"Williams, Christopher A."
1308,"Costa, Stacy"
1309,"Courshon, Caitlin"
1310,"Vincent, Marie-Caroline"
1311,"Baker-Doyle, Kira J"
1312,"Hochgreb-Haegele, Tatiana"
1313,"Maltese, Adam"
1314,"Luce, Megan"
1315,"Johnson, Angela"
1316,"Warchola, Gary A"
1317,"Ocumpaugh, Jaclyn"
1318,"Ryu, Minjung"
1319,"Atit, Kinnari"
1320,"Ross, Jen"
1321,"Zaner, Sarah"
1322,"Ng, Dingxuan"
1323,"Stephens, Michelle D"
1324,"Denton, Rebecca"
1325,"Zhou, Chao"
1326,"Bartell, Tonya"
1327,"Smith, Brian"
1328,"Benedict-Chambers, Amanda"
1329,"Louw, Marti"
1330,"Genz, Florian"
1331,"Levy, Milana"
1332,"Dietz, Brianna"
1333,"Brady, Corey"
1334,"Stoyanova, Filipa"
1335,"Martin, Kit"
1336,"Neumann, Knut"
1337,"Pendergast, Laura L"
1338,"Arukovic, Selma"
1339,"Dvir, Michal"
1340,"Giannakos, Michail"
1341,"Smothers, Cinzia Villanucci"
1342,"Jurow, A. Susan"
1343,"Bhattacharya, Devarati"
1344,"Feinstein, Noah Weeth"
1345,"Li, Pei-Jung"
1346,"Maquil, Valerie"
1347,"Goldwater, Micah"
1348,"Stanciu, Ionuț Dorin"
1349,"Modrek, Anahid S."
1350,"Dickler, Rachel"
1351,"Romine, William"
1352,"Scipio, Deana A"
1353,"Desmet, Piet"
1354,"Ng, Kher Hui"
1355,"Chinn, Clark"
1356,"Sysoev, Ivan"
1357,"Carstens, Franziska"
1358,"Kunnen, Saskia"
1359,"Franke, Baker E"
1360,"Puttick, Gillian"
1361,"Qiu, Chen"
1362,"Bumgardner, Karen"
1363,"Reiser, Brian"
1364,"González, Lydia Marion"
1365,"Kirschner, Paul"
1366,"Whiting, Justin"
1367,"Nenadal, Linsdey"
1368,"Moskaliuk, Johannes"
1369,"Green, Nick"
1370,"Gleasman, Cory"
1371,"Rebedea, Traian"
1372,"Horn, Michael"
1373,"Cheng, Kenneth"
1374,"Slotta, James"
1375,"Doyle, Tanya"
1376,"Wobbrock, Jacob O."
1377,"DeSchryver, Michael"
1378,"Noor, Jama"
1379,"Yamada, Yuki"
1380,"Rose, Carolyn"
1381,"Dillenbourg, Pierre"
1382,"Sedik, Zahira Mohd"
1383,"Andrews, Jessica J."
1384,"Widman, Sari A."
1385,"Yu, Sheng-Quan"
1386,"McNamara, Danielle S."
1387,"Bannan, Brenda"
1388,"Pryputniewicz, Sarah"
1389,"Ford, Cecilia E."
1390,"Ouyang, Xueying"
1391,"Sasaki, Hiroshi"
1392,"Burns, Mary"
1393,"Dong, Yi"
1394,"Hamid, Taha"
1395,"Weiss, David M."
1396,"Shaffer, David"
1397,"Traut, Hilary"
1398,"Jordan, Rebecca"
1399,"Cheng, Teng-Yao"
1400,"G, Nagarjuna"
1401,"Kunert, André"
1402,"Hämäläinen, Raija"
1403,"Serlin, Ronald"
1404,"Stucker, Michael"
1405,"Harrell, Maralee"
1406,"Mulder, Martin"
1407,"Ayer, Tugba"
1408,"van Heijst, Hennie"
1409,"Lee, Jin Ha"
1410,"van der Schaaf, Marieke F."
1411,"Rodriguez, Lilia"
1412,"Zufferey, Guillaume"
1413,"Chagab, Noha"
1414,"Stroud, Brandon"
1415,"Rienties, Bart"
1416,"Evans, Chad"
1417,"Xing, Chenmu"
1418,"Gomez, Kimberley"
1419,"Dieckmeyer, Emily"
1420,"Pei, Xinning"
1421,"DiGiacomo, Daniela"
1422,"Reiss, Kristina"
1423,"Krämer, Nicole"
1424,"May, Aaron"
1425,"Klopfer, Eric"
1426,"Werneburg, Sören"
1427,"Sarenius, Vesa-Matti"
1428,"Ruhl, Elisa"
1429,"Bonsignore, Elizabeth"
1430,"Yang, Diyi"
1431,"Sun, Yanqing"
1432,"Lin, Chiu Pin"
1433,"Vatrapu, Ravi"
1434,"Saucerman, Jenny"
1435,"Meier, Elisabeth"
1436,"Barber-Lester, Kelly"
1437,"Ogawa, Sonoko"
1438,"Polman, Joseph"
1439,"Ashley, Robert W."
1440,"Häkkinen, Päivi"
1441,"Quigley, David"
1442,"Kang, Seokmin"
1443,"Dorph, Rena"
1444,"Lyons, Leila"
1445,"Warrick, Elizabeth"
1446,"Vanderbeke, Marie"
1447,"Schunn, Christian"
1448,"Champion, Dionne"
1449,"Lotz-Sisitka, Heila"
1450,"Elson, Malte"
1451,"Halverson, Erica R."
1452,"Keifert, Danielle T."
1453,"C.Linn, Marcia"
1454,"Plane, Angelisa C."
1455,"de Jong, Ton"
1456,"Tytler, Russell"
1457,"Flekova, Lucie"
1458,"Li, Yi"
1459,"Arnseth, Hans Christian"
1460,"Wylie, Ruth"
1461,"Huang, Lixiao"
1462,"Häkkinen, Päivi"
1463,"Kyllonen, Patrick"
1464,"Bresser, Nicolas"
1465,"Reichersdorfer, Elisabeth"
1466,"Harty, Martha"
1467,"Depaepe, Fien"
1468,"Smith, Shaunna F"
1469,"Craig, Kalani"
1470,"Nakayama, Takahiro"
1471,"Acharya, Arup"
1472,"Tyler, Burr"
1473,"Peh, Gao Xian"
1474,"Brayboy, Bryan McKinley Jones"
1475,"Pham, Duy"
1476,"Garcia, Antero"
1477,"Abelson, Hal"
1478,"Gardner, Stephanie"
1479,"Eagan, Brendan R"
1480,"Kohlhauf, Lucia"
1481,"Lam-Herrera, Marilu"
1482,"White, Geneva"
1483,"Gold, Anne U."
1484,"Zhang, Heyi"
1485,"Patikorn, Thanaporn"
1486,"Marin, Ananda Maria"
1487,"Heo, Gyeong Mi"
1488,"Harris, Christopher J."
1489,"Kibler, Kristin Watson"
1490,"Chao, Jie"
1491,"Kelton, Molly L"
1492,"Hu, Liru"
1493,"Anderson, Janice L."
1494,"Bohrmann-Linde, Claudia"
1495,"Searcy, John"
1496,"Hilppö, Jaakko"
1497,"Lowenthal, Patrick R."
1498,"Clarke, Julia"
1499,"Brock, Karen"
1500,"Zhang, Chao"
1501,"Goldin-Meadow, Susan"
1502,"Brune, Laura"
1503,"Flores, Yuliana"
1504,"Fisher, Douglas"
1505,"Velez, Rafael"
1506,"Tucker, Thomas"
1507,"Horwitz, Paul"
1508,"Greenhow, Christine"
1509,"Roy, Dan"
1510,"Nguyen, Tung"
1511,"Keicher, Anne"
1512,"Munson, Jen"
1513,"Penuel, Bill"
1514,"Moczek, Armin"
1515,"Suzuki, Hideyuki"
1516,"Gorson, Jamie"
1517,"Shanahan, Katherine"
1518,"Ibtasar, Rabia"
1519,"Jung, Jiyoon"
1520,"Yung, Benny"
1521,"Yamamoto, Ryota"
1522,"Hall, Kevin"
1523,"St. Clair M St. Clair St. Clair, Natalya"
1524,"Russell, Randy"
1525,"Dresel, Markus"
1526,"Sabanovic, Selma"
1527,"Messersmith, Patricia"
1528,"Wilson, Caitlin"
1529,"Shute, Valerie"
1530,"Wisittanawat, Panchompoo"
1531,"Ludvigsen, Sten"
1532,"Rosebery, Ann S"
1533,"Murphy, P. Karen"
1534,"Soloway, Elliot"
1535,"Seufert, Tina"
1536,"Barany, Amanda"
1537,"Voyer, Samantha"
1538,"de Laat, Maarten"
1539,"Goeke, Megan"
1540,"Young, Rose Nicole"
1541,"Anderson, Richard C."
1542,"Moore, Allison"
1543,"Daniel, Shannon M."
1544,"Kam, Matthew"
1545,"Brownell, Sara"
1546,"Henrichson, Clayton"
1547,"Qi, Guowen"
1548,"Byun, Sunghwan"
1549,"*, Meixi"
1550,"Levin, Nehama - Levin"
1551,"Hathaway, Kennedy"
1552,"Galloway, Emily Phillips"
1553,"Krämer, Nicole"
1554,"Fortus, David"
1555,"Barbieri, Christina"
1556,"Tan, Yuanru"
1557,"Hollingsworth, Max"
1558,"Vo, Tina"
1559,"Oistad, Benjamin"
1560,"Phillips, Anna McLean"
1561,"Brailsford, Timothy"
1562,"Fratamico, Lauren"
1563,"Datye, Abhaya K"
1564,"Shechtman, Nicole"
1565,"Atarashi, Erika"
1566,"Edwards, Kelsey"
1567,"Saiyera, Tasbire"
1568,"Tanio, Nadine"
1569,"Tee, Yi Huan"
1570,"Kimmerle, Joachim"
1571,"Kamsan, Muhamad Ansar B."
1572,"Fossati, Davide"
1573,"Hartley, Kylie"
1574,"Shin, Minyoung"
1575,"Guo, Yu"
1576,"Barrat, Alain"
1577,"Wan, Haipeng"
1578,"Kanasa, Harry"
1579,"Shaban, Yara"
1580,"Pratt, Wanda"
1581,"Ling, Lee Yu"
1582,"Zhu, Mengxiao"
1583,"Walker, Justice T."
1584,"Lord, Trudi"
1585,"Kaatz, Anna"
1586,"Li, Taihua"
1587,"Piland, Jacob"
1588,"Frensley, Troy"
1589,"Nachankar, Mrunal"
1590,"McMullen, Kyla"
1591,"Beck, Stephan"
1592,"Cattaneo, Alberto A. P."
1593,"Ruis, Andrew R."
1594,"Biemans, Harm"
1595,"Calandra, Brendan"
1596,"Hoppe, H. Ulrich"
1597,"Bielaczyc, Katerine"
1598,"Talis, Vadim"
1599,"Tempelaar, Dirk"
1600,"Chase, Catherine C."
1601,"Kwok, Amy"
1602,"Rodela, Katherine"
1603,"Zheng, Tainian"
1604,"Fan, Min"
1605,"Sheldon, Josh"
1606,"Liu, Yu"
1607,"Murray, Julia"
1608,"Lee, Jiyeon"
1609,"Kolodner, Janet L."
1610,"Jordan-Douglass, Anna"
1611,"Kimball, Nathan"
1612,"Najafi, Hedieh"
1613,"Fynes-Clinton, Elizabeth"
1614,"Millet, Chris"
1615,"Ahonen, Arto K."
1616,"Cannady, Matthew A."
1617,"Cocco, Felipe"
1618,"Boston, Carol"
1619,"Pesanayi, Tichaona"
1620,"Franklin, Scott V."
1621,"Oguamanam, Vanessa"
1622,"Prain, Vaughan"
1623,"Ghanem, Christian"
1624,"Mommandi, Wagma"
1625,"Rojas-Perilla, Diego"
1626,"Kubota, Yoshihiko"
1627,"Gil, Alfredo Jornet"
1628,"Kuhn, Alex"
1629,"Amzalag, Meital"
1630,"Khosronejad, Maryam"
1631,"Forssell, Karin S."
1632,"Trăușan-Matu, Ștefan"
1633,"Lovett, Marsha"
1634,"Jones, W. Monty"
1635,"Hori, Kimihiko"
1636,"Hamaoui, Marie"
1637,"Kokku, Ravindranath"
1638,"Bienkowski, Marie"
1639,"Valcarcel, Joshua"
1640,"Lee, Jong Ha"
1641,"Dance, Sequoia Lynn"
1642,"Toutkoushian, Emily"
1643,"Misra, Chandrani"
1644,"Neuhaus, Birgit Jana"
1645,"Rothschuh, Stefan"
1646,"Cordero, Mikey"
1647,"Baker, Sara"
1648,"Ostrow, Korinn"
1649,"Beck, Stephanie"
1650,"Schimpf, Corey"
1651,"Wang, Min"
1652,"Schall, Max"
1653,"Wallace, Scott R"
1654,"Kumpulainen, Kristiina"
1655,"Libberton, Jason"
1656,"Small, Steven L."
1657,"Goodwin, Amanda"
1658,"Katzen, Monica"
1659,"McIntyre, Cynthia"
1660,"Thompson, Meredith"
1661,"Lin, Chiu-Pin"
1662,"Slagel, Chaucey"
1663,"Kafai, Yasmin"
1664,"Neill, Tiffany"
1665,"Funaoi, Hideo"
1666,"Gerber, Elizabeth"
1667,"Rowe, Jonathan"
1668,"Shehab, Saadeddine"
1669,"Yamauchi, Yuhei"
1670,"Woods, Philip"
1671,"Bulalacao, Nicole"
1672,"Ristvey, John D."
1673,"Rico-Beck, Laura"
1674,"Palmgren, Elina"
1675,"Dmello, Sidney DMello"
1676,"Corrigan, Seth"
1677,"Vosniadou, Stella"
1678,"Warren, Beth"
1679,"Ricca, Bernard"
1680,"Suthers, Dan"
1681,"Rahm, Jrene"
1682,"de los Santos, Elizabeth Xeng"
1683,"Mulvey, Elizabeth"
1684,"Vondracek, Mark"
1685,"Hamada, Rhonya A"
1686,"Han, Shenshen"
1687,"Yang, Chenglei"
1688,"Herbel-Eisenmann, Beth"
1689,"Dagan, Efrat"
1690,"Yao, Zheng"
1691,"Griffin, Jane"
1692,"Hernly, Kenna"
1693,"O'Malley, Claire"
1694,"Buitrago, Juanita"
1695,"Danahy, Ethan"
1696,"Novak, Michael"
1697,"Chuong, Steven"
1698,"Pham, Josephine"
1699,"Faulkner, Roosevelt"
1700,"Hill, Roger B."
1701,"Nickels, Katherine"
1702,"D’Angelo, Sarah"
1703,"Mislevy, Robert J."
1704,"Carnes, Molly"
1705,"Nacu, Denise C."
1706,"Stromholt, Shelley"
1707,"Gray, Steven"
1708,"Fröhlich, Bernd"
1709,"Fuqua, Aeslya"
1710,"Chai, Shaoming"
1711,"Illum, Randy"
1712,"Holmes, Wayne"
1713,"Bhatnagar, Sameer"
1714,"Macaranas, Anna"
1715,"Wendel, Daniel"
1716,"Uchidiuno, Judith"
1717,"Peebles, Ben"
1718,"Pea, Roy D."
1719,"Schoenfeld, Ilana"
1720,"Kumar, Vishesh"
1721,"Choi, Koun"
1722,"Hori, Naoto"
1723,"Håklev, Stian"
1724,"Renshaw, Peter"
1725,"Chikunda, Charles"
1726,"Froehlich, Jon E."
1727,"Panagiotopoulos, Dimitrios"
1728,"Seah, Lay Hoon"
1729,"Krange, Ingeborg"
1730,"Mudrick, Nicholas"
1731,"Quintana, Chris"
1732,"Israel, Maya"
1733,"Torralba, Juan"
1734,"Wilde, Lorin"
1735,"Ryoo, Kihyun “Kelly”"
1736,"Selent, Douglas"
1737,"Nolan, Charlene Montano"
1738,"Baradaran, Nilou"
1739,"Alozie, Nonye"
1740,"Xie, Charles"
1741,"Ferrara, Francesca"
1742,"Resnick, Lauren"
1743,"Kajamaa, Anu"
1744,"Addeh, Afe"
1745,"Quinn, Kimberly A."
1746,"Shaw, Sam"
1747,"Easterday, Matthew"
1748,"Lester, James"
1749,"Tong, Yurui"
1750,"Rogge, Carson"
1751,"Erickson, Tim"
1752,"Molenaar, Inge"
1753,"Touioui, Ferdous"
1754,"Frank, Kenneth A."
1755,"Meng, Xiangxu"
1756,"Koestler, Courtney"
1757,"Pinkard, Nichole"
1758,"Kulkarni, Chinmay"
1759,"Lindberg, Lindsay"
1760,"Soltangheis, Mina"
1761,"McGill, Tara"
1762,"Schwartz, Daniel L."
1763,"Diera, Claudia"
1764,"Emmanuel, Navo"
1765,"Nutchey, David"
1766,"Herrmann, Thomas"
1767,"Nathan, Mitchell J."
1768,"K.Martin, Caitlin"
1769,"Price, Nancy"
1770,"Newman, Greg"
1771,"Cobb, Sue"
1772,"Eimler, Sabrina"
1773,"Guillemette, Jonathan"
1774,"Parisio, Martin"
1775,"Turker, Aybuke"
1776,"Solli, Anne"
1777,"Cain, Ryan"
1778,"Plass, Jan L."
1779,"Echevarria, Ruben"
1780,"Lesama, Manoel Flores"
1781,"Wigmore, Peter"
1782,"Fauville, Géraldine"
1783,"Taub, Michelle"
1784,"Aditomo, Anindito"
1785,"Gnoli, Alessandro"
1786,"Joyce-Gibbons, Andrew"
1787,"Mukhi, Nirmal"
1788,"Bedell, Kristin Dana Bedell"
1789,"Hoadley, Christoper"
1790,"Heffernan, Neil T"
1791,"Phillips, Nathan C"
1792,"Vanlint, Alice"
1793,"Pennock, Phyllis Haugabook"
1794,"Vieira, Camilo"
1795,"Ferrari, Giulia"
1796,"Froehlich, Jon"
1797,"Krogh-Jespersen, Sheila"
1798,"Heller, Joan I"
1799,"Campen, Carolien Knoop-van"
1800,"Guyevskey, Victoria"
1801,"Barab, Sasha"
1802,"Brand, Michala"
1803,"Hopkins, Megan"
1804,"Shen, Chia"
1805,"McDermott, Raymond"
1806,"Pitt, Caroline"
1807,"George, Mari Anne"
1808,"Makini, Sneha Priscilla"
1809,"Francois, Annamarie"
1810,"von Davier, Alina A."
1811,"Gemmell, Jonathan"
1812,"Ng, Meixi"
1813,"Parsons, Sarah"
1814,"Scheintaub, Hal"
1815,"Quick, Joshua"
1816,"Hillman, Thomas"
1817,"Hajny, Nik"
1818,"Picinatto, Antonio Carlos"
1819,"Grimes, Sara M."
1820,"van Joolingen, Wouter"
1821,"Gurevych, Iryna"
1822,"Johnson, Raymond"
1823,"Lantz-Andersson, Annika"
1824,"Martin, Seth A."
1825,"Brami, Uzi"
1826,"Wardak, Dewa"
1827,"Silva, Alexandra"
1828,"Swearingen, Amanda"
1829,"Hills, Thomas"
1830,"Lund, Virginia Killian"
1831,"Magana, Alejandra"
1832,"Halverson, Richard"
1833,"Finzer, William"
1834,"Sinclair, Nathalie"
1835,"Shanahan, Marie-Claire"
1836,"Lin, Qinyun"
1837,"Barron, Brigid"
1838,"Chu, Eric"
1839,"Kerr, Deirdre"
1840,"Kato, Hiroshi"
1841,"MacArthur, Chris"
1842,"Newbutt, Nigel"
1843,"Chen, Feng"
1844,"Mahoney, Charlie"
1845,"Squire, Kurt"
1846,"Mäkitalo, Åsa"
1847,"Olsen, Al"
1848,"Querol, Marco Pereira"
1849,"Chang, Stephanie"
1850,"Heijnes, Dewi"
1851,"Sandoval, William"
1852,"Säljö, Roger"
1853,"Farnsworth, Jesse"
1854,"Duek, Oshra"
1855,"Silva, Brenda López"
1856,"Clark, Doug"
1857,"Gonzales, Wendy"
1858,"Reichsman, Frieda"
1859,"Prusak, Naomi"
1860,"Sfard, Anna"
1861,"Kielstra, Jolique"
1862,"Hladik, Stephanie"
1863,"Marshall, Stefanie Marshall"
1864,"Roy, Deb"
1865,"Pardos, Zach"
1866,"Ricarte, Thales"
1867,"Raicu, Daniela"
1868,"Telhan, Orkan"
1869,"Gouveia, Christine"
1870,"Steinkuehler, Constance"
1871,"McDonald, Scott P."
1872,"Goldberg, Tsafrir"
1873,"Schwendimann, Beat"
1874,"Lee, Yew Jin"
1875,"Regalla, Lisa"
1876,"Leenaars, Frank"
1877,"Lakhani, Heena"
1878,"Lundin, Mona"
1879,"Mu, Jin"
1880,"Elias, Nelly"
1881,"Rutstein, Daisy"
1882,"Virk, Satyugjit"
1883,"McNeill, Katherine L."
1884,"Allen, Shawndra"
1885,"Swidan, Osama"
1886,"Paré, Dylan"
1887,"Miller, Katie A"
1888,"Graesser, Art"
1889,"Davis, Richard"
1890,"Cook, Claire"
1891,"Godinez, Erick Velazquez"
1892,"del Castillo, Fernando Diaz"
1893,"Tammi, Tuure"
1894,"Boroujeni, Mina Shirvani"
1895,"Davis, Katie"
1896,"Mäkitalo, Åsa"
1897,"Kent, Carmel"
1898,"Snow, Eric"
1899,"Barnes, Jackie"
1900,"Bild, David"
1901,"Segal, Avi"
1902,"Van Keer, Hilde"
1903,"Chaffee, Rachel"
1904,"Nijland, Femke"
1905,"Steele, K-Fai"
1906,"Snyder, Anne"
1907,"Ratté, Sylvie"
1908,"Quintana, Rebecca M."
1909,"Wegerif, Rupert"
1910,"Bell, Adam"
1911,"Lehtinen, Erno"
1912,"Laslo, Esther"
1913,"Dyke, Gregory"
1914,"Shear, Linda"
1915,"Adams, Deanne"
1916,"Wylie, Alison"
1917,"Bruton, Ilana"
1918,"Gal, Kobi"
1919,"Valcke, Martin"
1920,"Luehmann, April"
1921,"Conlin, Luke"
1922,"Adleberg, Barrie"
1923,"Payne, Scott"
1924,"Rook, Michael M."
1925,"Levy, Keren S."
1926,"Ben-Horin, Hava"
1927,"Carmichae, Jaclyn"
1928,"Greenberg, Day"
1929,"Shirrell, Matthew"
1930,"Kahn, Jennifer"
1931,"Holland, Jennifer"
1932,"McAuley, Alexander"
1933,"Rafaeli, Sheizaf"
1934,"Lee, Irene"
1935,"Martell, Emma"
1936,"Briggs, Derek"
1937,"Martin, Caitlin Kennedy"
1938,"Buessing, Shawn"
1939,"Montané, Mireia"
1940,"Tietjen, Phil"
1941,"Tal, Tali"
1942,"Schmidt, Ani"
1943,"Chattergoon, Rajendra"
1944,"Haganah, Sara"
1945,"Schreurs, Bieke"
1946,"Phillips, Abigail"
1947,"Fields, Gabriel"
1948,"Yang, Christine"
1949,"Nunes, Cesar"
1950,"Weiss, Patrice L. Tamar"
1951,"Weiss, Patrice L."
1952,"Spillane, James"
1953,"Hansen, Jennifer"
1954,"Corning, Wiley"
1955,"Wingert, Kerri"
1956,"O'Connor, Kevin"
1957,"van Amersfoort, Daniël"
1958,"Lee, Victoria"
1959,"Kirschner, Paul A."
1960,"Whitfield, Latricia Chanel Whitfield"
1961,"Xia, Lei"
1962,"Mustafaraj, Eni"
1963,"Maes, Pattie"
1964,"Temple, Will"
1965,"Washington, Peter"
1966,"Sorensen, Clara"
1967,"Vinha, Telma"
1968,"Hong, James"
1969,"Osborne, Jonathan"
1970,"Laurillard, Dianna"
